City_ID,City,Country,Lat,Lng,Max Temp,Humidity,Cloudiness,Wind Speed,Current Description
0,Louiseville,CA,46.2559,-72.9415,10.4,56,5,8.05,clear sky
1,Evensk,RU,61.95,159.2333,3.4,88,100,26.82,overcast clouds
2,Klaksvik,FO,62.2266,-6.589,32.0,55,43,26.46,scattered clouds
3,Jamestown,US,42.097,-79.2353,18.0,79,1,5.75,clear sky
4,Qaanaaq,GL,77.484,-69.3632,-5.31,75,99,2.66,overcast clouds
5,Isangel,VU,-19.55,169.2667,84.2,74,75,11.5,broken clouds
6,Manono,CD,-7.3,27.4167,68.85,94,100,1.83,light rain
7,Rikitea,PF,-23.1203,-134.9692,79.5,70,0,11.32,clear sky
8,Cape Town,ZA,-33.9258,18.4232,69.01,77,75,5.75,broken clouds
9,Tuktoyaktuk,CA,69.4541,-133.0374,-36.4,74,40,5.75,scattered clouds
10,Avarua,CK,-21.2078,-159.775,82.4,69,90,4.61,light rain
11,Atuona,PF,-9.8,-139.0333,79.07,75,44,17.13,scattered clouds
12,Asfi,MA,32.2994,-9.2372,58.75,86,81,9.6,broken clouds
13,New Norfolk,AU,-42.7826,147.0587,73.99,40,3,3.0,clear sky
14,Hoorn,NL,52.6431,5.0578,30.0,90,0,9.91,clear sky
15,Bambous Virieux,MU,-20.3428,57.7575,78.8,83,20,6.91,few clouds
16,Touros,BR,-5.1989,-35.4608,77.0,88,20,3.44,few clouds
17,Punta Arenas,CL,-53.15,-70.9167,48.2,71,0,17.27,clear sky
18,Bluff,NZ,-46.6,168.3333,58.37,70,99,9.71,overcast clouds
19,Newport,GB,51.5877,-2.9984,37.99,90,68,1.99,broken clouds
20,Nizhniy Tsasuchey,RU,50.5167,115.1333,-15.03,85,100,7.99,overcast clouds
21,Shimoda,JP,34.6667,138.95,50.0,57,20,5.75,few clouds
22,Berlevag,NO,70.8578,29.0864,26.6,80,0,14.97,light snow
23,Kapaa,US,22.0752,-159.319,77.0,69,75,14.97,light rain
24,Pangai,TO,-19.8,-174.35,80.92,81,100,18.99,moderate rain
25,East London,ZA,-33.0153,27.9116,70.3,84,80,3.04,broken clouds
26,Kodiak,US,57.79,-152.4072,32.0,51,1,19.57,clear sky
27,Tamandare,BR,-8.7597,-35.1047,77.65,83,100,8.39,overcast clouds
28,Kutahya,TR,39.4242,29.9833,35.6,100,40,4.61,mist
29,Portland,US,45.5234,-122.6762,48.0,81,90,12.66,light rain
30,Hasaki,JP,35.7333,140.8333,48.2,40,20,11.5,few clouds
31,Asahi,JP,35.7167,140.65,48.2,40,20,11.5,few clouds
32,Fort Nelson,CA,58.8053,-122.7002,-9.4,77,40,2.3,scattered clouds
33,Ribeira Grande,PT,38.5167,-28.7,63.12,92,98,20.49,overcast clouds
34,Batemans Bay,AU,-35.7167,150.1833,69.01,78,100,1.99,overcast clouds
35,Pevek,RU,69.7008,170.3133,-33.29,84,6,1.86,clear sky
36,La Palma,US,33.8464,-118.0467,59.0,76,1,5.75,clear sky
37,Gat,IL,31.61,34.7642,55.0,58,0,11.83,clear sky
38,Aksu,CN,41.1231,80.2644,14.81,86,10,2.28,clear sky
39,Chuy,UY,-33.6971,-53.4616,68.83,93,100,13.33,overcast clouds
40,Hobart,AU,-42.8794,147.3294,73.99,45,75,14.97,broken clouds
41,Bubaque,GW,11.2833,-15.8333,79.05,64,99,9.13,overcast clouds
42,Hofn,IS,64.2539,-15.2082,23.18,83,0,16.06,clear sky
43,Latung,PH,5.5,120.8833,81.1,77,100,13.06,overcast clouds
44,Dingle,PH,10.9995,122.6711,79.63,78,86,17.38,overcast clouds
45,Westport,US,41.1415,-73.3579,24.8,42,1,4.61,clear sky
46,Vaini,TO,-21.2,-175.2,86.0,79,75,13.8,broken clouds
47,Arman,RU,59.7,150.1667,-11.02,78,66,18.48,broken clouds
48,Zhangye,CN,38.9342,100.4517,23.76,67,0,3.24,clear sky
49,Albany,US,42.6001,-73.9662,16.0,78,6,3.0,clear sky
50,Ler,SS,8.3018,30.1418,71.65,22,20,5.95,few clouds
51,Saint-Pierre,RE,-21.3393,55.4781,78.8,65,0,3.44,clear sky
52,Vardo,NO,70.3705,31.1107,25.65,95,100,19.86,light snow
53,Mahebourg,MU,-20.4081,57.7,78.8,83,20,6.91,few clouds
54,Salisbury,GB,51.0693,-1.7957,37.99,81,90,13.8,overcast clouds
55,Nicoya,CR,10.1483,-85.452,80.6,54,0,24.16,clear sky
56,Evans,US,33.5337,-82.1307,46.4,42,75,5.75,broken clouds
57,Tari,NG,12.4086,4.4914,69.51,20,15,11.88,few clouds
58,Carnarvon,AU,-24.8667,113.6333,91.4,58,3,4.61,light rain
59,Dikson,RU,73.5069,80.5464,-34.1,80,0,6.55,clear sky
60,Quatre Cocos,MU,-20.2078,57.7625,78.8,83,20,6.91,few clouds
61,Puerto Ayora,EC,-0.7393,-90.3518,78.01,89,42,5.01,scattered clouds
62,Atambua,ID,-9.1061,124.8925,74.77,93,100,6.51,overcast clouds
63,Srednekolymsk,RU,67.45,153.6833,-32.82,84,100,4.32,overcast clouds
64,Yalutorovsk,RU,56.6536,66.3006,10.31,96,100,6.55,overcast clouds
65,Bilibino,RU,68.0546,166.4372,-25.89,79,0,5.95,clear sky
66,Laguna,US,38.421,-121.4238,55.4,58,90,5.64,overcast clouds
67,Kraliky,CZ,50.0838,16.7605,24.01,90,24,3.4,few clouds
68,Butaritari,KI,3.0707,172.7902,81.21,79,62,18.5,broken clouds
69,Ola,RU,59.5833,151.2833,-11.9,81,36,16.98,scattered clouds
70,Marawi,PH,7.9986,124.2928,81.0,84,22,7.0,few clouds
71,Dickinson,US,29.4608,-95.0513,69.8,83,90,4.61,overcast clouds
72,Castro,BR,-24.7911,-50.0119,65.52,97,100,6.42,overcast clouds
73,Flinders,AU,-34.5833,150.8552,69.01,95,97,1.01,overcast clouds
74,Nara,JP,34.6851,135.8049,50.0,61,20,3.44,few clouds
75,Mataura,NZ,-46.1927,168.8643,71.82,37,98,3.74,overcast clouds
76,Pacific Grove,US,36.6177,-121.9166,53.6,71,1,4.23,clear sky
77,Wuwei,CN,37.9281,102.6414,27.97,63,0,5.3,clear sky
78,Yumen,CN,40.2833,97.2,23.94,70,0,22.86,clear sky
79,Faanui,PF,-16.4833,-151.75,82.06,69,54,8.84,broken clouds
80,Parit Buntar,MY,5.1267,100.4932,82.4,94,20,6.91,few clouds
81,Busselton,AU,-33.65,115.3333,82.99,47,0,3.0,clear sky
82,Pechenga,RU,69.5259,31.1703,24.8,93,75,8.05,light snow
83,Watertown,US,42.3709,-71.1828,17.01,48,1,12.66,clear sky
84,Mount Isa,AU,-20.7333,139.5,100.4,23,61,11.5,broken clouds
85,Lavrentiya,RU,65.5833,-171.0,-15.95,84,36,6.26,scattered clouds
86,Saskylakh,RU,71.9167,114.0833,-33.29,83,100,9.42,overcast clouds
87,Port-Gentil,GA,-0.7193,8.7815,76.89,81,100,7.76,overcast clouds
88,Okha,RU,53.5739,142.9478,-3.95,90,100,18.3,overcast clouds
89,Lagoa,PT,39.05,-27.9833,61.84,95,98,24.63,overcast clouds
90,Hermanus,ZA,-34.4187,19.2345,62.01,88,0,9.06,clear sky
91,Ushuaia,AR,-54.8,-68.3,50.0,66,20,24.16,few clouds
92,Hilo,US,19.7297,-155.09,78.8,57,90,9.22,light rain
93,Lasa,IT,46.6166,10.7002,36.0,100,90,3.44,light snow
94,Kiunga,PG,-6.1219,141.2906,82.67,84,68,3.22,broken clouds
95,Amapa,BR,1.0,-52.0,72.05,98,67,1.95,broken clouds
96,Zhangjiakou,CN,40.81,114.8794,25.83,80,0,1.9,clear sky
97,Iskateley,RU,67.6803,53.1512,0.32,92,99,11.14,overcast clouds
98,Acari,PE,-15.4311,-74.6158,73.62,59,100,4.5,overcast clouds
99,Juneau,US,58.3019,-134.4197,32.0,80,75,5.53,broken clouds
100,San Jorge,AR,-31.8962,-61.8598,66.0,89,100,1.99,overcast clouds
101,Tigil,RU,57.8,158.6667,4.41,92,100,12.1,overcast clouds
102,Lumphat,KH,13.4878,106.9816,78.37,53,0,9.42,clear sky
103,Sibu,MY,2.3,111.8167,77.0,88,40,2.3,scattered clouds
104,Tasiilaq,GL,65.6145,-37.6368,21.2,33,75,11.5,broken clouds
105,Pudozh,RU,61.8099,36.5345,9.9,96,17,5.06,few clouds
106,Khatanga,RU,71.9667,102.5,-47.16,78,40,0.85,scattered clouds
107,Tautira,PF,-17.7333,-149.15,84.0,74,75,19.57,light rain
108,Lebu,CL,-37.6167,-73.65,55.94,87,1,12.88,clear sky
109,Mayo,US,38.8876,-76.5119,30.2,64,1,2.51,clear sky
110,Paamiut,GL,61.994,-49.6678,25.21,88,23,15.95,few clouds
111,Provideniya,RU,64.3833,-173.3,-9.27,83,99,14.58,overcast clouds
112,Ancud,CL,-41.8697,-73.8203,54.0,76,0,3.44,clear sky
113,Kesinga,IN,20.2,83.2333,59.13,34,8,2.59,clear sky
114,Hithadhoo,MV,-0.6,73.0833,81.68,79,14,14.0,few clouds
115,Qasigiannguit,GL,68.8193,-51.1922,6.8,66,90,4.61,overcast clouds
116,Tabou,CI,4.423,-7.3528,78.37,88,16,7.85,few clouds
117,Pangnirtung,CA,66.1451,-65.7125,-6.79,76,89,3.0,overcast clouds
118,Poum,NC,-20.2333,164.0167,80.17,67,1,7.58,clear sky
119,Margate,GB,51.3813,1.3862,39.0,70,7,4.0,clear sky
120,Thompson,CA,55.7435,-97.8558,14.0,92,90,2.17,light snow
121,Velika Plana,RS,44.3339,21.0768,37.4,100,0,1.14,clear sky
122,Arraial Do Cabo,BR,-22.9661,-42.0278,76.82,83,2,26.22,clear sky
123,Seoul,KR,37.5683,126.9778,35.6,51,0,9.22,clear sky
124,Tuatapere,NZ,-46.1333,167.6833,67.68,46,100,1.72,overcast clouds
125,Yellowknife,CA,62.456,-114.3525,-11.99,77,20,3.44,few clouds
126,Gushi,CN,34.6425,109.5843,45.37,46,100,3.33,overcast clouds
127,Torbay,CA,47.6666,-52.7314,28.99,100,90,4.61,light snow
128,Ekibastuz,KZ,51.6667,75.3667,10.99,91,100,11.01,overcast clouds
129,Paka,MY,4.6374,103.4368,75.2,94,40,2.3,scattered clouds
130,Hovd,MN,48.0056,91.6419,6.62,83,2,1.39,clear sky
131,Saldanha,ZA,-33.0117,17.9442,63.48,92,0,2.06,clear sky
132,Souillac,MU,-20.5167,57.5167,78.8,83,40,6.91,scattered clouds
133,Mehamn,NO,71.0357,27.8492,26.6,80,0,14.97,light snow
134,Neustadt,DE,49.7117,12.0872,28.0,97,90,4.61,light snow
135,Faya,SA,18.3851,42.4509,53.6,66,0,3.74,clear sky
136,Bathsheba,BB,13.2167,-59.5167,78.8,73,75,19.57,broken clouds
137,Ponta Do Sol,PT,32.6667,-17.1,57.99,74,22,5.01,few clouds
138,Barrow,US,71.2906,-156.7887,-16.6,76,90,4.61,haze
139,Flin Flon,CA,54.7682,-101.865,6.39,95,99,2.82,overcast clouds
140,Sabang,ID,5.8933,95.3214,80.89,78,36,21.41,scattered clouds
141,Coquimbo,CL,-29.9533,-71.3436,64.4,94,90,3.44,overcast clouds
142,Zamora,EC,-4.0692,-78.9567,67.17,73,68,0.78,light rain
143,Chokurdakh,RU,70.6333,147.9167,-29.9,85,28,8.39,scattered clouds
144,Chyhyryn,UA,49.0838,32.6555,34.05,93,100,18.19,overcast clouds
145,Longyearbyen,SJ,78.2186,15.6401,-5.8,59,20,20.71,few clouds
146,Bonthe,SL,7.5264,-12.505,77.45,86,47,4.9,scattered clouds
147,Norman Wells,CA,65.282,-126.8329,-31.0,75,75,4.09,broken clouds
148,Hobyo,SO,5.3505,48.5268,75.4,75,66,15.23,broken clouds
149,Cabo San Lucas,MX,22.8909,-109.9124,68.0,82,20,3.44,few clouds
150,Sept-Iles,CA,50.2001,-66.3821,19.4,63,62,9.22,broken clouds
151,Half Moon Bay,US,37.4636,-122.4286,54.0,76,1,8.05,clear sky
152,Marzuq,YE,14.4,46.4667,57.04,61,0,2.8,clear sky
153,Buenos Aires,AR,-34.6132,-58.3772,63.0,82,75,8.05,broken clouds
154,Broken Hill,AU,-31.95,141.4333,80.6,32,70,14.97,broken clouds
155,Tiksi,RU,71.6872,128.8694,-27.26,86,100,4.83,overcast clouds
156,Tilichiki,RU,60.4667,166.1,-9.69,91,96,15.01,overcast clouds
157,Rundu,NA,-17.9333,19.7667,67.84,95,100,5.1,light rain
158,High Level,CA,58.5169,-117.136,-4.0,84,40,3.22,scattered clouds
159,Labuan,MY,5.2767,115.2417,82.4,78,20,2.3,few clouds
160,Mata,PT,40.683,-7.4592,48.99,89,98,5.99,overcast clouds
161,Caramay,PH,10.1815,119.236,80.26,72,86,15.77,overcast clouds
162,Ketchikan,US,55.3422,-131.6461,30.2,100,20,4.61,few clouds
163,Port Elizabeth,ZA,-33.918,25.5701,62.6,88,0,6.91,clear sky
164,Nevsehir,TR,38.9167,34.6667,39.2,93,75,11.5,broken clouds
165,Segezha,RU,63.7415,34.3222,17.44,98,100,4.43,light snow
166,Sitka,US,57.0531,-135.33,41.0,56,75,9.22,broken clouds
167,Bengkulu,ID,-3.8004,102.2655,74.19,91,100,6.87,overcast clouds
168,Kavieng,PG,-2.5744,150.7967,83.41,71,99,13.91,overcast clouds
169,Dzhubga,RU,44.3211,38.7039,50.95,73,100,21.74,light rain
170,Isoka,ZM,-10.1606,32.6335,61.68,96,100,2.17,overcast clouds
171,Fort Abbas,PK,29.1925,72.8536,54.95,31,0,5.91,clear sky
172,Gunjur,GM,13.2019,-16.7339,68.0,68,0,12.64,clear sky
173,Bethel,US,41.3712,-73.414,19.0,67,1,6.15,clear sky
174,Esperance,AU,-33.8667,121.9,73.4,49,0,10.36,clear sky
175,Kuala Terengganu,MY,5.3302,103.1408,75.2,94,40,3.44,scattered clouds
176,Zhigansk,RU,66.7697,123.3711,-47.43,73,61,3.94,broken clouds
177,Boa Vista,BR,2.8197,-60.6733,78.8,73,75,13.8,broken clouds
178,Upernavik,GL,72.7868,-56.1549,-9.69,85,68,6.22,broken clouds
179,Caravelas,BR,-17.7125,-39.2481,75.24,87,0,5.23,clear sky
180,Beloha,MG,-25.1667,45.05,74.05,83,0,4.9,clear sky
181,Kyra,RU,49.5776,111.9753,6.6,92,100,5.23,light snow
182,Cockburn Town,TC,21.4612,-71.1419,73.29,69,0,20.38,clear sky
183,Ak-Dovurak,RU,51.1833,90.6,0.77,78,0,1.48,clear sky
184,Leninskoye,KZ,41.7589,69.3864,51.8,40,0,4.61,clear sky
185,Sao Filipe,CV,14.8961,-24.4956,74.35,60,100,9.86,overcast clouds
186,Gornopravdinsk,RU,60.05,69.9,6.82,94,100,10.0,overcast clouds
187,Port Alfred,ZA,-33.5906,26.891,62.01,92,0,1.97,clear sky
188,Komsomolskiy,UZ,40.4272,71.7189,32.0,55,100,6.91,overcast clouds
189,Sabha,LY,27.0377,14.4283,54.72,42,0,6.44,clear sky
190,Kehra,EE,59.3361,25.3211,23.0,93,90,8.05,light snow
191,Alugan,PH,12.2188,125.4808,80.33,74,100,19.3,overcast clouds
192,Itoman,JP,26.1247,127.6694,68.0,52,20,12.66,few clouds
193,Ciudad Bolivar,VE,8.1222,-63.5497,77.9,74,18,13.91,few clouds
194,Lompoc,US,34.6391,-120.4579,51.8,82,1,5.75,clear sky
195,Bahia Blanca,AR,-38.7196,-62.2724,59.85,54,44,12.08,scattered clouds
196,Darhan,MN,49.4867,105.9228,-2.61,86,100,9.13,overcast clouds
197,Touho,NC,-20.7833,165.2333,79.59,73,4,16.75,clear sky
198,Hamilton,US,39.1834,-84.5333,32.0,93,90,5.75,snow
199,Vredendal,ZA,-31.6683,18.5012,56.84,93,1,0.96,clear sky
200,Sao Joao Da Barra,BR,-21.6403,-41.0511,77.56,80,1,21.16,clear sky
201,Nome,US,64.5011,-165.4064,-5.8,77,1,4.61,clear sky
202,Auburn,US,47.3073,-122.2284,46.99,87,90,5.75,overcast clouds
203,Iqaluit,CA,63.7506,-68.5145,-7.01,71,1,18.41,clear sky
204,Mar Del Plata,AR,-38.0023,-57.5575,62.01,51,0,18.41,clear sky
205,Gorom-Gorom,BF,14.4439,-0.2361,69.84,20,0,8.95,clear sky
206,Kibaya,TZ,-5.3,36.5667,58.44,100,83,3.18,broken clouds
207,Codrington,AU,-38.2667,141.9667,65.97,57,0,9.89,clear sky
208,Kholmogory,RU,64.2229,41.656,23.0,93,90,4.47,snow
209,Airai,TL,-8.9266,125.4092,63.73,100,100,6.11,overcast clouds
210,Palpa,PE,-14.5336,-75.1856,77.07,44,100,2.59,overcast clouds
211,Victoria,HK,22.2855,114.1577,66.99,61,0,1.01,clear sky
212,Katherine,AU,-14.4667,132.2667,86.0,70,75,13.8,broken clouds
213,Talnakh,RU,69.4865,88.3972,-31.25,71,0,7.23,clear sky
214,Saint-Leu,RE,-21.15,55.2833,77.0,61,2,0.54,clear sky
215,Bondo,CD,3.8146,23.6866,65.61,38,100,1.21,overcast clouds
216,Kudahuvadhoo,MV,2.6708,72.8944,81.28,76,20,12.24,few clouds
217,Veraval,IN,20.9,70.3667,64.8,30,0,12.33,clear sky
218,Vila Velha,BR,-20.3297,-40.2925,78.8,78,40,6.91,scattered clouds
219,Petrovskoye,RU,57.0104,39.2693,19.26,98,100,7.0,snow
220,Husavik,IS,66.0449,-17.3389,14.0,79,90,4.61,overcast clouds
221,Benguela,AO,-12.5763,13.4055,76.05,75,100,1.99,overcast clouds
222,Oregon,US,44.0001,-120.5014,44.6,53,75,9.22,broken clouds
223,Pailon,BO,-17.65,-62.75,78.82,74,100,12.44,overcast clouds
224,Coban,GT,15.4833,-90.3667,59.14,100,89,1.14,overcast clouds
225,Naze,JP,28.3667,129.4833,62.6,55,75,9.22,broken clouds
226,Tam Ky,VN,15.5667,108.4833,73.4,83,40,3.24,scattered clouds
227,Puerto Del Rosario,ES,28.5004,-13.8627,64.4,82,90,21.85,overcast clouds
228,Rawson,AR,-43.3002,-65.1023,60.89,59,44,14.58,scattered clouds
229,Perevoz,RU,55.5961,44.5446,21.43,96,100,12.35,snow
230,Onguday,RU,50.75,86.15,6.37,85,0,2.73,clear sky
231,Bogorodskoye,RU,56.55,37.8833,19.51,98,100,6.51,overcast clouds
232,Port Macquarie,AU,-31.4333,152.9167,80.6,74,90,10.47,overcast clouds
233,Beringovskiy,RU,63.05,179.3167,6.67,94,100,29.44,snow
234,Neyshabur,IR,36.2133,58.7958,43.54,76,98,1.52,overcast clouds
235,Mikhaylovka,RU,50.06,43.2379,35.01,93,78,5.01,broken clouds
236,Severo-Kurilsk,RU,50.6789,156.125,25.61,95,100,31.52,light snow
237,Hashtrud,IR,37.4779,47.0508,18.36,94,22,9.8,few clouds
238,Constitucion,CL,-35.3333,-72.4167,59.31,93,28,8.03,scattered clouds
239,Aklavik,CA,68.2191,-135.0107,-29.2,75,100,2.3,overcast clouds
240,Tiznit,MA,29.5833,-9.5,55.98,85,55,1.34,broken clouds
241,Dunedin,NZ,-45.8742,170.5036,60.01,75,100,25.99,overcast clouds
242,Kolpashevo,RU,58.3131,82.9089,-24.99,84,99,6.91,overcast clouds
243,Cidreira,BR,-30.1811,-50.2056,75.79,89,99,9.6,overcast clouds
244,Alta Floresta,BR,-9.8756,-56.0861,72.05,96,80,2.13,very heavy rain
245,Hambantota,LK,6.1241,81.1185,73.4,100,20,5.75,few clouds
246,Georgetown,MY,5.4112,100.3354,82.4,69,20,3.44,few clouds
247,Lorengau,PG,-2.0226,147.2712,82.45,82,100,12.1,overcast clouds
248,Alexandria,EG,31.2156,29.9553,61.97,58,0,17.74,clear sky
249,Kalmunai,LK,7.4167,81.8167,77.31,85,100,5.19,overcast clouds
250,Obo,CF,5.3998,26.4869,69.31,24,9,6.17,clear sky
251,Nanortalik,GL,60.1432,-45.2371,28.74,90,100,10.87,overcast clouds
252,Kahului,US,20.8947,-156.47,78.8,57,40,17.27,scattered clouds
253,Clyde River,CA,70.4692,-68.5914,-2.2,92,90,3.44,light snow
254,Masuguru,TZ,-11.3667,38.4167,71.04,96,99,2.15,overcast clouds
255,Olinda,BR,-8.0089,-34.8553,78.8,69,20,9.22,few clouds
256,West Kilbride,GB,55.6833,-4.85,30.99,93,0,5.75,clear sky
257,Tachov,CZ,49.7953,12.6337,27.0,91,100,4.0,light snow
258,Khash,IR,28.2211,61.2158,46.87,53,2,6.22,clear sky
259,Sisimiut,GL,66.9395,-53.6735,5.65,90,71,7.76,broken clouds
260,Acapulco,MX,16.8634,-99.8901,80.6,83,75,4.61,broken clouds
261,Drayton Valley,CA,53.2168,-114.9854,12.99,75,0,2.53,clear sky
262,Astana,KZ,51.1801,71.446,12.2,73,0,8.95,clear sky
263,Sisophon,KH,13.5859,102.9737,78.39,52,2,7.61,clear sky
264,Harper,LR,4.375,-7.7169,78.51,88,30,8.21,scattered clouds
265,Gebre Guracha,ET,9.8,38.4,49.5,47,1,3.65,clear sky
266,Mandalgovi,MN,45.7625,106.2708,6.08,76,91,27.02,overcast clouds
267,Salalah,OM,17.0151,54.0924,61.38,77,0,5.17,clear sky
268,Yar-Sale,RU,66.8333,70.8333,-17.63,87,100,17.36,overcast clouds
269,Maldonado,UY,-34.6667,-54.9167,69.01,77,75,19.57,broken clouds
270,Guerrero Negro,MX,27.9769,-114.0611,59.72,69,72,13.76,broken clouds
271,Matara,LK,5.9485,80.5353,77.74,83,65,3.67,broken clouds
272,Treinta Y Tres,UY,-33.2333,-54.3833,67.59,94,100,19.66,overcast clouds
273,Balgazyn,RU,51.0,95.2,-4.58,84,0,1.77,clear sky
274,Poronaysk,RU,49.2167,143.1167,5.0,86,100,4.56,overcast clouds
275,Mamou,GN,10.5,-12.0,65.86,25,0,1.5,clear sky
276,Kavaratti,IN,10.5669,72.642,80.83,72,4,10.22,clear sky
277,Brae,GB,60.3964,-1.353,33.8,93,40,4.61,light snow
278,Dhaka,BD,23.7104,90.4074,57.2,88,40,4.63,mist
279,Olga,RU,43.7444,135.2892,5.45,77,0,9.4,clear sky
280,Kamenka,RU,51.3223,42.7678,34.0,94,100,11.01,overcast clouds
281,Izhma,RU,65.0083,53.9113,1.47,92,100,8.66,overcast clouds
282,Yulara,AU,-25.2406,130.9889,89.6,20,40,17.27,scattered clouds
283,Boa Esperanca,BR,-21.09,-45.5658,69.06,84,62,2.3,broken clouds
284,Chatham,GB,51.3789,0.5279,39.99,74,8,8.99,clear sky
285,Praia,CV,14.9215,-23.5087,73.4,53,0,17.27,clear sky
286,Vuktyl,RU,63.8567,57.3094,-2.11,92,100,6.8,light snow
287,Bredasdorp,ZA,-34.5322,20.0403,62.01,88,0,6.58,clear sky
288,Sangar,RU,63.9242,127.4739,-46.75,77,85,4.09,overcast clouds
289,Mumbwa,ZM,-14.9783,27.0619,65.91,94,100,2.91,light rain
290,Verkhoyansk,RU,67.5447,133.385,-44.21,75,58,0.74,broken clouds
291,Tshikapa,CD,-6.4167,20.8,70.88,94,100,6.2,moderate rain
292,Gimli,CA,50.6336,-96.9907,23.0,93,100,4.61,overcast clouds
293,Maralal,KE,1.0968,36.698,54.36,58,2,5.7,clear sky
294,Camacha,PT,33.0833,-16.3333,57.2,94,0,4.72,clear sky
295,Bay Roberts,CA,47.5999,-53.2648,28.99,91,100,1.01,overcast clouds
296,Providencia,MX,28.7167,-111.5833,62.01,63,15,8.99,few clouds
297,Sherghati,IN,24.5667,84.7833,41.0,93,0,4.61,fog
298,Kaitangata,NZ,-46.2817,169.8464,61.0,75,100,13.0,overcast clouds
299,Tupiza,BO,-21.45,-65.7167,62.47,51,24,7.63,few clouds
300,Tarpon Springs,US,28.1461,-82.7568,64.0,77,1,2.57,clear sky
301,Bilma,NE,18.6853,12.9164,57.52,32,0,3.87,clear sky
302,Wajid,SO,3.8093,43.2471,66.96,71,17,12.91,few clouds
303,Karasjok,NO,69.4719,25.5112,23.0,86,90,10.36,light snow
304,Teya,RU,60.3778,92.6267,-36.31,77,0,1.41,clear sky
305,Toccoa,US,34.5773,-83.3324,39.2,60,1,3.44,clear sky
306,Kisesa,TZ,-3.0833,34.15,62.29,85,67,8.43,broken clouds
307,Bonavista,CA,48.6499,-53.1147,28.99,93,95,3.44,overcast clouds
308,Ca Mau,VN,9.1769,105.15,82.02,60,61,11.95,broken clouds
309,Taksimo,RU,56.3444,114.8794,-26.25,77,100,0.49,overcast clouds
310,Avera,US,33.194,-82.5271,46.4,61,40,6.91,scattered clouds
311,Havoysund,NO,70.9963,24.6622,26.6,86,75,11.5,light snow
312,Przeworsk,PL,50.0591,22.4941,26.6,86,90,12.66,light snow
313,Sorland,NO,67.667,12.6934,30.22,88,71,8.05,broken clouds
314,Havre-Saint-Pierre,CA,50.2334,-63.5986,21.2,73,90,5.75,overcast clouds
315,Vestmanna,FO,62.1564,-7.1664,32.0,55,34,26.46,scattered clouds
316,Saint-Philippe,RE,-21.3585,55.7679,78.8,65,0,3.44,light rain
317,Stornoway,GB,58.2093,-6.3865,35.6,64,100,5.75,overcast clouds
318,Hendek,TR,40.7994,30.7481,37.4,100,40,3.65,scattered clouds
319,College,US,64.8569,-147.8028,-4.0,77,90,0.56,light snow
320,Vao,NC,-22.6667,167.4833,76.21,79,100,21.52,overcast clouds
321,Sonda,EE,59.3436,26.8364,23.38,98,100,6.02,light snow
322,Te Anau,NZ,-45.4167,167.7167,66.02,46,78,6.98,broken clouds
323,Shwebo,MM,22.5667,95.7,67.05,41,0,3.91,clear sky
324,Puerto Carreno,CO,6.189,-67.4859,82.0,58,49,14.32,scattered clouds
325,Santa Cruz,BO,-17.8,-63.1667,76.6,80,91,15.59,overcast clouds
326,Thurso,GB,58.5927,-3.5259,28.4,86,20,5.75,few clouds
327,Manhattan,US,40.7834,-73.9662,30.2,40,1,8.05,clear sky
328,Shushenskoye,RU,53.325,91.9356,-23.8,76,0,2.89,clear sky
329,Nikolskoye,RU,59.7035,30.7861,24.8,93,75,4.47,light snow
330,Steamboat Springs,US,40.485,-106.8317,26.6,100,90,8.05,overcast clouds
331,Araouane,ML,18.9048,-3.5265,65.73,22,81,10.54,broken clouds
332,Dukat,RU,62.55,155.55,-33.03,81,100,8.93,overcast clouds
333,Lengshuitan,CN,26.4111,111.5956,57.56,53,57,1.88,broken clouds
334,Lakes Entrance,AU,-37.8811,147.981,68.0,64,9,1.99,clear sky
335,Praia Da Vitoria,PT,38.7333,-27.0667,64.4,88,75,14.74,broken clouds
336,Bataipora,BR,-22.2953,-53.2711,72.05,96,100,5.23,light rain
337,Kampong Cham,KH,11.9934,105.4635,77.67,58,21,12.39,few clouds
338,Ginir,ET,7.1333,40.7,53.17,41,14,3.47,few clouds
339,Kanchanaburi,TH,14.6333,99.1,79.2,45,10,2.98,clear sky
340,Warrnambool,AU,-38.3833,142.4833,69.01,68,15,8.93,few clouds
341,Santa Maria,BR,-29.6842,-53.8069,69.8,100,90,6.91,moderate rain
342,Marica,BR,-22.9194,-42.8186,88.0,74,0,8.05,clear sky
343,Palana,RU,59.1167,159.9667,-5.85,90,52,21.07,broken clouds
344,Namibe,AO,-15.1961,12.1522,72.9,75,97,4.92,overcast clouds
345,La Ronge,CA,55.1001,-105.2842,12.2,85,3,2.3,clear sky
346,Yamasaki,JP,35.0,134.55,46.4,100,75,4.61,fog
347,Ugoofaaru,MV,5.6667,73.0,82.09,68,97,8.93,overcast clouds
348,Marsh Harbour,BS,26.5412,-77.0636,66.7,64,100,13.2,overcast clouds
349,Bahia Honda,CU,22.9036,-83.1592,66.34,76,55,6.22,broken clouds
350,Hami,CN,42.8,93.45,22.96,83,0,5.61,clear sky
351,Walvis Bay,NA,-22.9575,14.5053,66.99,77,1,4.61,clear sky
352,Marshall,US,34.3834,-86.3333,51.01,50,75,12.66,broken clouds
353,Itarema,BR,-2.9248,-39.9167,78.62,84,99,9.48,overcast clouds
354,Meridian,US,43.6121,-116.3915,42.01,60,1,9.22,clear sky
355,Cocoa Beach,US,28.32,-80.6076,66.2,55,1,12.66,clear sky
356,Oyek,RU,52.5861,104.4556,-16.6,69,90,20.13,snow
357,Itaituba,BR,-4.2761,-55.9836,73.33,96,75,1.34,light rain
358,Uruzgan,AF,32.8333,66.0,42.24,53,66,6.02,broken clouds
359,Antofagasta,CL,-23.65,-70.4,66.2,82,20,10.36,few clouds
360,Muravlenko,RU,63.7898,74.523,-16.8,87,100,18.63,overcast clouds
361,Thamaga,BW,-24.6701,25.5397,71.6,94,75,3.44,light rain
362,Yabrud,SY,33.9674,36.6574,46.4,71,40,17.27,scattered clouds
363,Tessalit,ML,20.1986,1.0114,61.07,25,0,10.71,clear sky
364,Shenjiamen,CN,29.9576,122.298,53.94,79,72,15.17,broken clouds
365,Suez,EG,29.9737,32.5263,53.89,49,0,5.84,clear sky
366,Creel,MX,27.75,-107.6333,42.08,66,11,4.68,few clouds
367,Sur,OM,22.5667,59.5289,64.72,54,0,1.68,clear sky
368,Road Town,VG,18.4167,-64.6167,77.0,83,40,10.36,scattered clouds
369,Nagato,JP,34.3833,131.2,50.0,76,20,2.3,few clouds
370,Grand Gaube,MU,-20.0064,57.6608,77.0,85,2,1.99,clear sky
371,Bandarbeyla,SO,9.4942,50.8122,74.1,72,97,15.93,overcast clouds
372,Sarankhola,BD,22.3082,89.7897,58.77,36,0,4.29,clear sky
373,Byron Bay,AU,-28.65,153.6167,80.6,69,90,12.66,overcast clouds
374,Sola,VU,-13.8833,167.55,87.8,70,75,6.91,broken clouds
375,Labuhan,ID,-6.8844,112.2051,81.43,80,99,8.08,overcast clouds
376,Alice Springs,AU,-23.7,133.8833,93.99,20,78,16.11,broken clouds
377,Koroni,GR,36.8,21.95,51.01,100,98,3.44,overcast clouds
378,Coos Bay,US,43.3665,-124.2179,51.01,100,90,6.15,overcast clouds
379,Nikki,BJ,9.9401,3.2108,71.56,21,0,6.15,clear sky
380,Kapuskasing,CA,49.4169,-82.4331,-4.0,84,0,3.44,clear sky
381,Nuevo Progreso,MX,23.1667,-97.95,73.0,62,32,6.98,scattered clouds
382,Halmstad,SE,56.6745,12.8568,33.01,93,90,3.44,overcast clouds
383,Olds,CA,51.7834,-114.102,23.0,85,0,6.91,clear sky
384,Socorro,US,31.6546,-106.3033,53.6,17,1,5.75,clear sky
385,Kruisfontein,ZA,-34.0033,24.7314,57.99,91,0,1.01,clear sky
386,Yuscaran,HN,13.9333,-86.85,69.8,64,40,6.91,scattered clouds
387,Eagle,US,43.6954,-116.354,42.01,60,1,9.22,clear sky
388,Pimampiro,EC,0.4,-77.9667,57.0,67,84,6.76,broken clouds
389,San Patricio,US,28.017,-97.5169,73.4,88,1,17.27,clear sky
390,Concepcion,CL,-36.827,-73.0498,59.0,100,0,4.61,clear sky
391,Tual,ID,-5.6667,132.75,83.57,75,49,13.42,scattered clouds
392,Pochutla,MX,15.7432,-96.4661,78.01,81,5,1.01,clear sky
393,Altos Del Rosario,CO,8.7944,-74.1658,79.18,55,44,2.62,scattered clouds
394,Henties Bay,NA,-22.116,14.2845,66.99,84,43,4.0,scattered clouds
395,Tyup,KG,42.7276,78.3648,16.95,75,68,3.06,broken clouds
396,Alofi,NU,-19.0595,-169.9187,80.6,78,90,10.36,light rain
397,Daru,PG,-9.0763,143.2092,83.89,68,100,13.8,overcast clouds
398,Am Timan,TD,11.0297,20.2827,68.25,24,0,6.29,clear sky
399,Matadi,CD,-5.8167,13.45,76.12,89,100,1.57,overcast clouds
400,Aljezur,PT,37.3191,-8.8033,55.0,100,100,1.01,overcast clouds
401,Ngorongoro,TZ,-3.2397,35.4875,49.66,100,66,3.78,broken clouds
402,Puerto Leguizamo,CO,-0.1934,-74.7819,78.01,61,57,2.06,broken clouds
403,Manapparai,IN,10.6,78.4167,73.4,88,40,4.61,mist
404,Taft,IR,31.7471,54.2088,41.4,52,0,5.48,clear sky
405,Waipawa,NZ,-41.4122,175.5153,69.01,67,0,14.97,clear sky
406,Porto Nacional,BR,-10.7081,-48.4172,77.0,88,40,0.94,scattered clouds
407,Hokitika,NZ,-42.7167,170.9667,63.1,63,0,8.93,clear sky
408,Geraldton,AU,-28.7667,114.6,98.6,22,0,12.66,clear sky
409,Aldan,RU,58.6031,125.3894,-34.64,81,94,0.87,overcast clouds
410,Saint George,US,37.1041,-113.5841,46.0,65,1,3.44,clear sky
411,Espita,MX,21.0167,-88.3167,69.31,78,100,5.61,overcast clouds
412,Omsukchan,RU,62.5333,155.8,-29.43,81,100,11.7,overcast clouds
413,Meulaboh,ID,4.1363,96.1285,78.91,75,66,3.24,broken clouds
414,Obzor,BG,42.8167,27.8833,37.0,93,0,1.14,clear sky
415,Kamina,CD,-8.7386,24.9906,63.46,95,100,2.15,overcast clouds
416,Krasnogvardeyskoye,RU,45.8456,41.5186,37.38,87,100,11.3,light rain
417,Vostok,RU,46.4856,135.8833,-9.56,84,4,5.19,clear sky
418,Ormond Beach,US,29.2858,-81.0559,62.01,82,20,13.22,few clouds
419,Khasan,RU,42.4308,130.6434,11.57,85,84,4.32,broken clouds
420,Bezhetsk,RU,57.7851,36.6965,14.58,97,93,8.97,overcast clouds
421,Benalla,AU,-36.55,145.9833,80.6,36,0,8.05,clear sky
422,Port Hedland,AU,-20.3167,118.5667,91.4,52,90,16.11,overcast clouds
423,Altay,CN,47.8667,88.1167,8.8,75,0,2.82,clear sky
424,Kupang,ID,-10.1667,123.5833,82.4,83,75,18.41,broken clouds
425,Dobrovice,CZ,50.3693,14.9623,25.0,99,52,3.53,broken clouds
426,Elko,US,41.0002,-115.5012,30.99,72,0,5.01,clear sky
427,Ponta Delgada,PT,37.7333,-25.6667,63.0,88,75,16.11,broken clouds
428,Eufaula,US,31.8913,-85.1455,53.6,58,1,6.91,clear sky
429,Homer,US,59.6425,-151.5483,28.4,69,1,4.88,clear sky
430,Chifeng,CN,42.2683,118.9636,17.64,92,100,2.39,overcast clouds
431,Saint Anthony,US,45.0205,-93.218,32.0,86,90,6.91,overcast clouds
432,Celestun,MX,20.8667,-90.4,73.72,70,96,10.33,overcast clouds
433,Taseyevo,RU,57.2169,94.8978,-40.97,77,0,1.72,clear sky
434,San Cristobal,VE,7.7669,-72.225,65.12,73,89,1.41,overcast clouds
435,Buraydah,SA,26.326,43.975,46.4,76,0,5.75,clear sky
436,Chumikan,RU,54.7183,135.315,-14.49,79,0,27.07,clear sky
437,Belgrade,RS,44.804,20.4651,48.0,70,0,1.14,clear sky
438,Muroto,JP,33.2833,134.15,46.4,61,40,3.44,scattered clouds
439,Natal,BR,-5.795,-35.2094,78.8,83,20,5.75,few clouds
440,Asuncion,PY,-25.3007,-57.6359,84.2,79,75,2.3,broken clouds
441,Ahipara,NZ,-35.1667,173.1667,71.69,51,0,5.64,clear sky
442,Rurrenabaque,BO,-14.4413,-67.5278,75.2,85,89,2.06,overcast clouds
443,Aleksandrovskoye,RU,44.7142,43.0008,35.6,93,75,15.66,broken clouds
444,Azacualpa,HN,15.3433,-88.5514,75.99,100,75,1.3,broken clouds
445,Mwanza,TZ,-2.5167,32.9,69.51,72,36,2.37,scattered clouds
446,Cleburne,US,32.3476,-97.3867,63.0,25,40,9.22,haze
447,Olafsvik,IS,64.8945,-23.7142,22.86,89,30,16.67,scattered clouds
448,Ife,NG,7.4667,4.5667,70.86,98,2,1.16,clear sky
449,Encruzilhada,BR,-15.5314,-40.9094,65.21,94,7,4.74,light rain
450,Inhambane,MZ,-23.865,35.3833,77.86,84,2,5.84,clear sky
451,Mustasaari,FI,63.1142,21.6822,19.99,93,90,2.3,light snow
452,Rabat,MA,33.9911,-6.8401,57.0,100,75,5.14,broken clouds
453,Valparaiso,CL,-33.0393,-71.6273,66.0,86,95,3.71,overcast clouds
454,Binzhou,CN,37.3667,118.0167,53.01,38,0,1.99,clear sky
455,Campbell River,CA,50.0163,-125.2446,44.01,93,90,11.5,overcast clouds
456,Prince George,CA,53.9166,-122.753,24.8,80,75,1.25,broken clouds
457,Quijingue,BR,-10.7525,-39.2092,73.06,80,100,7.09,overcast clouds
458,Belmonte,BR,-15.8631,-38.8828,78.8,78,40,8.05,scattered clouds
459,Mitzic,GA,0.7821,11.549,69.37,97,100,3.22,overcast clouds
460,Port Blair,IN,11.6667,92.75,81.86,71,28,9.66,scattered clouds
461,Tazovskiy,RU,67.4667,78.7,-25.28,84,100,16.26,overcast clouds
462,Cap Malheureux,MU,-19.9842,57.6142,77.0,85,3,1.99,clear sky
463,Ileza,RU,61.0533,43.9002,16.52,97,100,8.55,overcast clouds
464,Caloundra,AU,-26.8,153.1333,82.99,72,12,8.99,few clouds
465,Forio,IT,40.7342,13.8646,57.99,93,100,8.01,light rain
466,Rolandia,BR,-23.3097,-51.3692,69.8,100,90,9.22,light rain
467,Kulhudhuffushi,MV,6.6221,73.07,81.66,65,11,5.91,few clouds
468,Nuuk,GL,64.1835,-51.7216,17.6,86,20,12.66,few clouds
469,Casa Grande,US,32.8795,-111.7573,55.99,66,1,4.61,clear sky
470,Pringsewu,ID,-5.3582,104.9744,77.9,83,76,3.11,broken clouds
471,Beyla,GN,8.6833,-8.6333,68.02,34,0,2.46,clear sky
472,Tommot,RU,58.9564,126.2925,-36.49,78,79,0.31,broken clouds
473,West Bay,KY,19.3667,-81.4167,77.0,73,20,10.36,few clouds
474,Katsuura,JP,35.1333,140.3,51.01,43,20,11.5,few clouds
475,Fairbanks,US,64.8378,-147.7164,-2.2,77,90,0.65,light snow
476,Coachella,US,33.6803,-116.1739,62.01,41,1,1.52,clear sky
477,Yeppoon,AU,-23.1333,150.7333,87.8,51,40,14.97,scattered clouds
478,Hualmay,PE,-11.0964,-77.6139,71.17,77,78,8.72,broken clouds
479,Toribio,CO,2.9548,-76.2684,77.0,65,0,8.05,clear sky
480,Diego De Almagro,CL,-26.3667,-70.05,59.5,53,0,0.51,clear sky
481,Adrar,MR,20.5022,-10.0711,64.4,26,47,7.36,scattered clouds
482,Port Augusta,AU,-32.5,137.7667,71.6,60,100,16.11,overcast clouds
483,Opuwo,NA,-18.0607,13.84,69.82,58,100,3.24,light rain
484,Quelimane,MZ,-17.8786,36.8883,78.8,94,75,1.05,broken clouds
485,Cururupu,BR,-1.8283,-44.8683,76.96,88,100,3.58,overcast clouds
486,Maxixe,MZ,-23.8597,35.3472,76.71,83,0,4.34,clear sky
487,Baijiantan,CN,45.6333,85.1833,4.28,93,17,1.72,few clouds
488,Gilgit,PK,35.9221,74.3087,23.5,51,0,2.68,clear sky
489,El Dovio,CO,4.5079,-76.2362,71.6,73,20,2.3,few clouds
490,Muyezerskiy,RU,63.9333,31.65,13.53,97,100,3.13,overcast clouds
491,Altamont,US,42.2068,-121.7372,37.4,70,90,13.8,overcast clouds
492,Wakkanai,JP,45.4094,141.6739,23.0,74,75,23.02,snow
493,Etchoropo,MX,26.7667,-109.6667,64.99,68,0,1.99,clear sky
494,Tateyama,JP,34.9833,139.8667,52.0,57,20,5.75,few clouds
495,Coahuayana,MX,18.7333,-103.6833,78.8,65,1,9.22,clear sky
496,San Lorenzo,PY,-25.3333,-57.5333,84.2,79,75,4.61,broken clouds
497,Silleda,ES,42.696,-8.2465,52.0,100,75,6.91,moderate rain
498,Kajaani,FI,64.2273,27.7285,17.6,93,40,3.44,light snow
499,Taoudenni,ML,22.6783,-3.9836,64.67,26,1,5.48,clear sky
500,Narsaq,GL,60.9167,-46.05,39.2,30,75,28.77,broken clouds
501,Pilar,BR,-9.5972,-35.9567,75.2,94,40,3.44,scattered clouds
502,Ginda,IN,30.6945,78.4932,38.43,43,0,5.21,clear sky
503,Haverfordwest,GB,51.8017,-4.9691,37.4,75,87,8.05,overcast clouds
504,Arrifes,PT,37.7667,-25.7,63.0,88,75,16.11,broken clouds
505,Luwuk,ID,-0.9516,122.7875,85.68,56,100,1.66,overcast clouds
506,Namatanai,PG,-3.6667,152.4333,84.58,66,100,13.51,overcast clouds
507,Maridi,SS,4.9158,29.4742,70.43,25,22,4.65,few clouds
508,Vanavara,RU,60.34,102.2797,-40.9,79,26,2.59,scattered clouds
509,Galt,US,38.2546,-121.3,55.4,58,90,6.53,overcast clouds
510,Znamenskoye,RU,57.1281,73.8282,1.62,93,100,10.83,overcast clouds
511,Charleston,US,32.7766,-79.9309,51.01,71,75,8.05,broken clouds
512,Baykit,RU,61.67,96.37,-34.94,76,0,1.39,clear sky
513,Bereda,ES,43.2686,-7.5406,48.99,91,100,7.0,overcast clouds
514,San Andres,CO,12.5847,-81.7006,80.6,74,20,16.11,few clouds
515,Korla,CN,41.7597,86.1469,18.82,85,0,4.29,clear sky
516,Manado,ID,1.487,124.8455,78.8,89,75,9.22,broken clouds
517,Dubti,ET,11.7361,41.0853,65.12,71,0,4.68,clear sky
518,Keti Bandar,PK,24.1447,67.4497,64.47,78,0,7.25,clear sky
519,Quthing,LS,-30.4,27.7003,61.18,54,0,1.83,clear sky
520,Riyadh,SA,24.6877,46.7219,50.0,50,0,5.75,clear sky
521,Chapais,CA,49.7834,-74.8492,-5.8,84,90,5.75,overcast clouds
522,Kankon,IN,15.0167,74.0167,71.6,83,20,8.05,mist
523,Pavlohrad,UA,48.5167,35.8667,39.0,93,75,13.42,broken clouds
524,Wauconda,US,42.2589,-88.1393,30.0,94,100,11.01,snow
525,Dalian,CN,38.9122,121.6022,39.2,87,75,11.18,broken clouds
526,Aanekoski,FI,62.6946,25.818,18.0,100,90,4.61,light snow
527,Boundiali,CI,9.5217,-6.4869,70.45,22,5,3.13,clear sky
528,Cabatuan,PH,10.8794,122.486,79.5,75,85,18.1,overcast clouds
529,Wajima,JP,37.4,136.9,33.8,80,75,6.91,light snow
530,Yabelo,ET,4.8833,38.0833,54.37,41,47,8.08,scattered clouds
531,Pisco,PE,-13.7,-76.2167,69.8,73,0,14.97,clear sky
532,Ushtobe,KZ,45.2514,77.9838,12.38,82,63,0.83,broken clouds
533,Itupiranga,BR,-5.1347,-49.3267,73.87,94,100,4.03,moderate rain
534,Arlit,NE,18.7369,7.3853,59.61,27,0,6.91,clear sky
535,Kuytun,RU,54.3419,101.5036,-33.99,81,25,7.54,scattered clouds
536,Nadym,RU,65.5333,72.5167,-15.93,87,100,20.27,overcast clouds
537,Aykhal,RU,66.0,111.5,-33.29,81,100,11.9,overcast clouds
538,Genhe,CN,50.7833,121.5167,-16.38,83,90,0.02,overcast clouds
539,Constantine,DZ,36.365,6.6147,51.8,76,75,17.27,broken clouds
540,Ramet,RO,46.3,23.5333,35.6,93,90,2.3,overcast clouds
541,Devli,IN,25.75,75.3833,45.23,53,0,1.95,clear sky
542,Usagara,TZ,-2.6833,33.0,65.61,83,45,3.78,scattered clouds
543,Mkokotoni,TZ,-5.8767,39.2547,78.37,85,63,12.19,broken clouds
544,Sokolo,ML,14.7328,-6.1219,66.94,22,44,10.07,scattered clouds
545,Matamoros,MX,25.5333,-103.25,82.4,16,1,5.64,clear sky
546,Baghdad,IQ,33.3406,44.4009,42.8,75,0,5.75,clear sky
547,Santa Fe,AR,-31.6333,-60.7,69.01,81,84,4.0,broken clouds
548,Nouadhibou,MR,20.931,-17.0347,66.2,63,0,19.57,clear sky
549,Lamu,KE,-2.2717,40.902,75.29,88,0,10.25,clear sky
550,Porto Santo,PT,33.072,-16.3415,57.2,94,0,4.79,clear sky
551,Leshukonskoye,RU,64.8989,45.7622,19.69,98,100,5.79,light snow
552,Coari,BR,-4.085,-63.1414,75.42,96,99,2.35,overcast clouds
553,Nenjiang,CN,49.1833,125.2167,-12.71,88,100,6.73,overcast clouds
554,Maneadero,MX,31.7167,-116.5667,57.0,80,43,1.99,scattered clouds
555,Leningradskiy,RU,69.3833,178.4167,-27.11,82,0,4.34,clear sky
556,Kota Tinggi,MY,1.7381,103.8999,80.6,74,75,11.5,broken clouds
557,Apatou,GF,5.155,-54.3472,74.16,96,100,3.74,overcast clouds
558,Anadyr,RU,64.75,177.4833,-2.2,78,75,22.37,snow
559,Timra,SE,62.487,17.3257,10.0,78,100,9.22,overcast clouds
560,Hervey Bay,AU,-25.2986,152.8535,88.0,45,40,14.97,scattered clouds
561,Dekalb,US,33.7504,-84.2333,44.01,61,1,8.05,clear sky
562,Oeiras Do Para,BR,-2.0031,-49.8544,75.33,93,100,2.8,moderate rain
563,Necochea,AR,-38.5473,-58.7368,57.99,69,89,11.52,overcast clouds
564,Maceio,BR,-9.6658,-35.7353,75.2,94,40,3.44,scattered clouds
565,Chemal,RU,51.4111,86.005,12.92,87,0,5.32,clear sky
566,Mweka,CD,-4.85,21.5667,69.62,100,100,4.25,light rain
567,Manavalakurichi,IN,8.1333,77.3,78.8,89,20,6.04,mist
568,Edson,CA,53.5835,-116.4356,12.2,92,1,2.04,clear sky
569,Eureka,US,40.8021,-124.1637,53.01,87,90,4.61,overcast clouds
570,Tambovka,RU,50.0969,128.0489,-29.2,75,20,2.24,few clouds
571,Neiafu,TO,-18.65,-173.9833,77.0,94,90,9.22,light rain
572,Qaqortoq,GL,60.7167,-46.0333,39.2,30,75,28.77,broken clouds
573,Ballina,AU,-28.8667,153.5667,80.6,69,90,12.66,overcast clouds
574,Yokadouma,CM,3.5167,15.05,68.59,90,100,2.51,overcast clouds
575,Ocampo,MX,21.65,-101.5,61.41,32,0,6.26,clear sky
576,Yanam,IN,16.7333,82.2167,75.2,78,30,6.91,mist
577,Njombe,TZ,-9.3333,34.7667,55.29,95,100,2.17,overcast clouds
578,Nemuro,JP,43.3236,145.575,21.2,68,20,6.91,few clouds
579,Weligama,LK,5.9667,80.4167,77.63,84,73,3.42,broken clouds
580,Port Hardy,CA,50.6996,-127.4199,46.4,87,90,13.8,light rain
581,Kasempa,ZM,-13.4584,25.8338,63.72,92,94,2.48,light rain
582,Turayf,SA,31.6725,38.6637,39.2,81,0,13.8,clear sky
583,Biak,ID,-0.9131,122.8766,82.85,62,100,0.38,overcast clouds
584,Hay River,CA,60.8156,-115.7999,-14.8,76,5,2.3,clear sky
585,Yuanping,CN,38.7153,112.7575,32.85,73,0,1.45,clear sky
586,Hwange,ZW,-18.3693,26.5019,68.05,91,100,2.39,overcast clouds
587,Galle,LK,6.0367,80.217,77.76,85,91,5.03,overcast clouds
588,Ulundi,ZA,-28.3352,31.4162,70.34,94,96,2.19,light rain
589,Ojinaga,MX,29.5667,-104.4167,60.8,31,1,5.75,clear sky
590,Okhotsk,RU,59.3833,143.3,-7.13,81,0,17.49,clear sky
591,Tahoua,NE,14.8888,5.2692,65.14,23,34,11.48,scattered clouds
592,Calama,CL,-22.4667,-68.9333,59.0,17,0,8.05,clear sky
593,Adeje,ES,28.1227,-16.726,64.4,72,20,11.5,few clouds
594,Berbera,SO,10.4396,45.0143,73.29,75,71,4.07,broken clouds
595,Kenora,CA,49.8167,-94.4337,23.0,93,90,4.61,light snow
596,Kargil,IN,34.5667,76.1,-13.63,72,0,1.79,clear sky
597,Aden,YE,12.7794,45.0367,74.1,74,39,8.16,scattered clouds
598,Sandnessjoen,NO,66.0217,12.6316,23.0,80,75,4.61,broken clouds
599,Todos Santos,MX,23.45,-110.2167,69.01,82,21,5.01,few clouds
600,Santa Rosa,PH,14.3122,121.1114,81.0,61,40,2.3,scattered clouds
601,Srandakan,ID,-7.9386,110.2506,83.41,71,100,1.81,overcast clouds
602,Khuzdar,PK,27.7384,66.6434,50.54,41,0,3.89,clear sky
603,Ha Giang,VN,22.8333,104.9833,61.38,84,100,1.97,overcast clouds
604,Acajutiba,BR,-11.6622,-38.0172,72.27,92,98,4.0,overcast clouds
605,Adelaide,AU,-34.9333,138.6,80.01,43,0,6.91,clear sky
606,Gualaco,HN,15.05,-86.05,73.4,68,20,3.44,few clouds
607,Romny,UA,50.751,33.4747,32.11,99,100,12.8,snow
608,Chaohu,CN,31.6,117.8667,54.0,57,0,4.47,clear sky
609,Witu,KE,-2.3889,40.4382,72.05,93,0,4.83,clear sky
610,Marfino,RU,55.7028,37.3822,26.01,86,100,4.47,light snow
611,Nha Trang,VN,12.25,109.1833,78.8,57,40,8.05,scattered clouds
612,Januaria,BR,-15.4833,-44.3667,73.62,59,46,2.15,scattered clouds
613,Auki,SB,-8.7676,160.7034,82.99,81,100,14.03,overcast clouds
614,Agadez,NE,19.75,10.25,51.91,38,0,2.17,clear sky
615,Tecolutla,MX,20.4833,-97.0167,71.6,94,1,9.22,clear sky
616,Broome,US,42.2506,-75.833,12.2,79,1,10.36,clear sky
617,Vallenar,CL,-28.5708,-70.7581,64.67,63,0,0.6,clear sky
618,Sulangan,PH,11.1373,123.7228,79.61,76,98,17.94,overcast clouds
619,Khandyga,RU,62.6667,135.6,-45.99,76,74,0.76,broken clouds
620,Santo Anastacio,BR,-21.8383,-51.6103,71.6,94,100,8.05,light rain
621,Thinadhoo,MV,0.5333,72.9333,81.79,77,14,11.63,few clouds
622,Kholm,RU,59.2667,32.85,21.9,98,96,5.95,overcast clouds
623,Coihaique,CL,-45.5752,-72.0662,60.8,48,0,8.05,clear sky
624,Redmond,US,47.674,-122.1215,46.0,91,100,7.76,overcast clouds
625,Sarkikaraagac,TR,38.0794,31.3664,35.4,87,67,3.49,broken clouds
626,Fortuna,US,40.5982,-124.1573,53.01,87,90,21.85,light rain
627,Milkovo,RU,54.7167,158.6167,12.09,93,100,9.46,light snow
628,Russell,US,32.3502,-85.1999,51.01,76,1,6.33,clear sky
629,Jintur,IN,19.6167,76.7,63.64,39,0,6.17,clear sky
630,Dublin,US,37.7021,-121.9358,55.0,66,90,3.44,overcast clouds
631,Moose Factory,CA,51.2585,-80.6094,-11.2,77,1,2.3,clear sky
632,Alyangula,AU,-13.8483,136.4192,87.8,70,1,9.22,clear sky
633,Plettenberg Bay,ZA,-34.0527,23.3716,64.83,76,0,4.61,clear sky
634,Lethem,GY,3.3803,-59.7968,79.23,73,46,12.35,scattered clouds
635,Guozhen,CN,34.3659,107.359,45.79,44,99,1.19,overcast clouds
636,Cherskiy,RU,68.75,161.3,-34.73,83,0,1.45,clear sky
637,Denpasar,ID,-8.65,115.2167,84.2,79,40,12.66,scattered clouds
638,Luderitz,NA,-26.6481,15.1594,64.49,65,0,18.01,clear sky
639,Helena,US,46.5927,-112.0361,33.8,51,75,5.39,broken clouds
640,Finnsnes,NO,69.2296,17.9811,-2.2,84,100,3.18,overcast clouds
641,Tynda,RU,55.1667,124.7167,-31.13,81,92,0.98,overcast clouds
642,Shahrud,IR,36.4182,54.9763,35.78,79,3,3.42,clear sky
643,Batagay-Alyta,RU,67.8006,130.4114,-34.8,81,89,2.64,overcast clouds
644,Asosa,ET,10.0667,34.5333,62.56,46,46,6.91,scattered clouds
645,Beira,MZ,-19.8436,34.8389,78.8,89,20,4.61,few clouds
646,La Paz,BO,-16.5,-68.15,47.46,73,100,8.12,overcast clouds
647,Marsa Matruh,EG,31.3525,27.2453,60.08,59,0,13.76,clear sky
648,Naberera,TZ,-4.2,36.9333,60.98,91,96,4.68,overcast clouds
649,Tiarei,PF,-17.5333,-149.3333,84.0,74,75,19.57,light rain
650,Buchanan,LR,5.8808,-10.0467,75.2,94,40,5.61,mist
651,Saint-Francois,FR,46.4154,3.9054,44.01,93,90,4.61,overcast clouds
652,Rosetta,EG,31.4044,30.4164,60.44,64,0,18.41,clear sky
653,Madang,PG,-5.2246,145.7966,85.37,78,49,4.7,scattered clouds
654,Hurghada,EG,27.2574,33.8129,55.92,51,0,7.16,clear sky
655,Egvekinot,RU,66.3167,-179.1667,-21.14,84,100,11.03,overcast clouds
656,Sobolevo,RU,54.4299,31.8996,16.81,97,100,5.06,light snow
657,Colac,AU,-38.3333,143.5833,69.01,64,11,1.99,few clouds
658,Hede,CN,33.7681,120.2517,50.23,48,92,6.87,overcast clouds
659,Grindavik,IS,63.8424,-22.4338,19.4,79,0,6.91,clear sky
660,Vila Franca Do Campo,PT,37.7167,-25.4333,63.0,88,75,16.11,broken clouds
661,Wellington,NZ,-41.2866,174.7756,69.01,67,0,14.97,clear sky
662,Huarmey,PE,-10.0681,-78.1522,71.31,74,70,6.73,broken clouds
663,Sayat,TM,38.7839,63.8803,46.4,46,100,6.91,haze
664,Vaitape,PF,-16.5167,-151.75,82.02,69,51,8.77,broken clouds
665,Chara,RU,56.9064,118.2631,-26.3,81,100,1.52,overcast clouds
666,Huangchuan,CN,32.1272,115.0394,51.87,57,58,6.26,light rain
667,Tairua,NZ,-37.0167,175.85,71.01,57,0,10.0,clear sky
668,Viedma,AR,-40.8135,-62.9967,57.99,64,64,8.9,broken clouds
669,Ouadda,CF,8.0777,22.4007,69.42,23,41,6.98,scattered clouds
670,Chebsara,RU,59.2002,38.8356,17.31,97,100,9.19,snow
671,Deniliquin,AU,-35.5333,144.9667,81.0,40,0,4.47,clear sky
672,Kango,GA,0.1943,10.0951,73.87,96,100,0.78,overcast clouds
673,Rodas,CU,22.3408,-80.5572,68.0,77,61,9.22,light rain
